clarify,澄清
clarification,澄清
assumption,假设
requirement,需求
ambiguous,模糊的
clarify-the-scope,明确范围
in-terms-of,就...而言
with-regard-to,关于
speaking-of,说到
rephrase,重新表述
to-be-specific,具体来说
in-other-words,换句话说
approach,方法
strategy,策略
walk-through,讲解
step-by-step,逐步
dive-into,深入
break-down,分解
high-level,高层次
at-a-high-level,概括地说
drill-down,深入探讨
zoom-in,放大
zoom-out,缩小
big-picture,全局
bottom-up,自下而上
top-down,自上而下
iterative,迭代的
incremental,增量的
pros-and-cons,优缺点
advantage,优势
disadvantage,劣势
benefit,好处
drawback,缺点
downside,不利方面
upside,有利方面
on-the-other-hand,另一方面
alternatively,或者
whereas,然而
in-contrast,相比之下
comparatively,相对地
relatively,相对地
for-example,例如
for-instance,例如
such-as,比如
like,像
say,比方说
let's-say,假设
suppose,假设
imagine,想象
consider,考虑
take-for-example,以...为例
to-illustrate,举例说明
as-an-illustration,作为例证
concrete-example,具体例子
make-sense,有道理
follow,理解
clear,清楚
understand,理解
got-it,明白了
see-what-I-mean,明白我的意思
if-I-understand-correctly,如果我理解正确
just-to-confirm,确认一下
to-make-sure,确保
in-my-opinion,在我看来
I-think,我认为
I-believe,我相信
I-would-say,我会说
from-my-perspective,从我的角度
from-my-experience,根据我的经验
based-on-my-understanding,基于我的理解
it-seems-to-me,在我看来
the-way-I-see-it,我认为
good-question,好问题
interesting-point,有趣的观点
let-me-think,让我想想
give-me-a-moment,给我一会儿
I'm-not-sure,我不确定
I-don't-know,我不知道
good-catch,发现得好
you're-right,你是对的
that's-correct,那是正确的
exactly,正是
in-summary,总之
to-summarize,总结一下
in-conclusion,总之
all-in-all,总的来说
overall,总体而言
basically,基本上
essentially,本质上
fundamentally,从根本上
at-the-end-of-the-day,归根结底
the-key-point,关键点
the-main-takeaway,主要收获
first-of-all,首先
to-start-with,首先
initially,最初
then,然后
next,接下来
after-that,之后
following-that,接着
subsequently,随后
eventually,最终
in-the-meantime,与此同时
meanwhile,同时
at-the-same-time,同时
moving-forward,继续前进
going-forward,未来
